dataset,group,source_instance,source_member,output_path
Concept,car,transport_car3,__MACOSX/benchmark_dataset/transport_car3/._martin-katler-72PbiQhHJHM-unsplash.jpg,datasets/partial/Concept/car/car_0001.jpg
Concept,car,transport_car3,__MACOSX/benchmark_dataset/transport_car3/._martin-katler-E5QW_maORfg-unsplash.jpg,datasets/partial/Concept/car/car_0002.jpg
Concept,car,transport_car3,__MACOSX/benchmark_dataset/transport_car3/._martin-katler-ERdWJrv9FeY-unsplash.jpg,datasets/partial/Concept/car/car_0003.jpg
Concept,car,transport_car3,__MACOSX/benchmark_dataset/transport_car3/._martin-katler-N1p9Ih0qq-c-unsplash.jpg,datasets/partial/Concept/car/car_0004.jpg
Concept,car,transport_car3,__MACOSX/benchmark_dataset/transport_car3/._martin-katler-OfM1G5mWrdU-unsplash.jpg,datasets/partial/Concept/car/car_0005.jpg
Concept,car,transport_car3,__MACOSX/benchmark_dataset/transport_car3/._martin-katler-WyZh1SAPLQw-unsplash.jpg,datasets/partial/Concept/car/car_0006.jpg
Concept,car,transport_car3,__MACOSX/benchmark_dataset/transport_car3/._martin-katler-jUlXwWok3xY-unsplash.jpg,datasets/partial/Concept/car/car_0007.jpg
Concept,car,transport_car3,__MACOSX/benchmark_dataset/transport_car3/._martin-katler-maU12ShTjtY-unsplash.jpg,datasets/partial/Concept/car/car_0008.jpg
Concept,car,transport_car3,__MACOSX/benchmark_dataset/transport_car3/._martin-katler-nH6uHS1g5Vw-unsplash.jpg,datasets/partial/Concept/car/car_0009.jpg
Concept,car,transport_car3,benchmark_dataset/transport_car3/martin-katler-72PbiQhHJHM-unsplash.jpg,datasets/partial/Concept/car/car_0010.jpg
Concept,car,transport_car3,benchmark_dataset/transport_car3/martin-katler-E5QW_maORfg-unsplash.jpg,datasets/partial/Concept/car/car_0011.jpg
Concept,car,transport_car3,benchmark_dataset/transport_car3/martin-katler-ERdWJrv9FeY-unsplash.jpg,datasets/partial/Concept/car/car_0012.jpg
Concept,car,transport_car3,benchmark_dataset/transport_car3/martin-katler-N1p9Ih0qq-c-unsplash.jpg,datasets/partial/Concept/car/car_0013.jpg
Concept,car,transport_car3,benchmark_dataset/transport_car3/martin-katler-OfM1G5mWrdU-unsplash.jpg,datasets/partial/Concept/car/car_0014.jpg
Concept,car,transport_car3,benchmark_dataset/transport_car3/martin-katler-WyZh1SAPLQw-unsplash.jpg,datasets/partial/Concept/car/car_0015.jpg
Concept,car,transport_car3,benchmark_dataset/transport_car3/martin-katler-jUlXwWok3xY-unsplash.jpg,datasets/partial/Concept/car/car_0016.jpg
Concept,car,transport_car3,benchmark_dataset/transport_car3/martin-katler-maU12ShTjtY-unsplash.jpg,datasets/partial/Concept/car/car_0017.jpg
Concept,car,transport_car3,benchmark_dataset/transport_car3/martin-katler-nH6uHS1g5Vw-unsplash.jpg,datasets/partial/Concept/car/car_0018.jpg
Concept,car,transport_car2,__MACOSX/benchmark_dataset/transport_car2/._martin-katler-55BRE27Odjs-unsplash.jpg,datasets/partial/Concept/car/car_0019.jpg
Concept,car,transport_car2,__MACOSX/benchmark_dataset/transport_car2/._martin-katler-6Hqh2B8dpuo-unsplash.jpg,datasets/partial/Concept/car/car_0020.jpg
Concept,car,transport_car2,__MACOSX/benchmark_dataset/transport_car2/._martin-katler-B2Sv3FpTLng-unsplash.jpg,datasets/partial/Concept/car/car_0021.jpg
Concept,car,transport_car2,__MACOSX/benchmark_dataset/transport_car2/._martin-katler-MQfA25aBlss-unsplash.jpg,datasets/partial/Concept/car/car_0022.jpg
Concept,car,transport_car2,__MACOSX/benchmark_dataset/transport_car2/._martin-katler-S0q7CvqX6O4-unsplash.jpg,datasets/partial/Concept/car/car_0023.jpg
Concept,car,transport_car2,__MACOSX/benchmark_dataset/transport_car2/._martin-katler-SgaZShRdlDY-unsplash.jpg,datasets/partial/Concept/car/car_0024.jpg
Concept,car,transport_car2,__MACOSX/benchmark_dataset/transport_car2/._martin-katler-Ycjt4brRK04-unsplash.jpg,datasets/partial/Concept/car/car_0025.jpg
Concept,car,transport_car2,__MACOSX/benchmark_dataset/transport_car2/._martin-katler-ZFqqglZzmYc-unsplash.jpg,datasets/partial/Concept/car/car_0026.jpg
Concept,car,transport_car2,__MACOSX/benchmark_dataset/transport_car2/._martin-katler-b94ZlRW9VTU-unsplash.jpg,datasets/partial/Concept/car/car_0027.jpg
Concept,car,transport_car2,benchmark_dataset/transport_car2/martin-katler-55BRE27Odjs-unsplash.jpg,datasets/partial/Concept/car/car_0028.jpg
Concept,car,transport_car2,benchmark_dataset/transport_car2/martin-katler-6Hqh2B8dpuo-unsplash.jpg,datasets/partial/Concept/car/car_0029.jpg
Concept,car,transport_car2,benchmark_dataset/transport_car2/martin-katler-B2Sv3FpTLng-unsplash.jpg,datasets/partial/Concept/car/car_0030.jpg
Concept,cat,pet_cat7,__MACOSX/benchmark_dataset/pet_cat7/._0.jpeg,datasets/partial/Concept/cat/cat_0001.jpeg
Concept,cat,pet_cat7,__MACOSX/benchmark_dataset/pet_cat7/._1.jpeg,datasets/partial/Concept/cat/cat_0002.jpeg
Concept,cat,pet_cat7,__MACOSX/benchmark_dataset/pet_cat7/._2.jpeg,datasets/partial/Concept/cat/cat_0003.jpeg
Concept,cat,pet_cat7,__MACOSX/benchmark_dataset/pet_cat7/._3.jpeg,datasets/partial/Concept/cat/cat_0004.jpeg
Concept,cat,pet_cat7,__MACOSX/benchmark_dataset/pet_cat7/._4.jpeg,datasets/partial/Concept/cat/cat_0005.jpeg
Concept,cat,pet_cat7,__MACOSX/benchmark_dataset/pet_cat7/._5.jpeg,datasets/partial/Concept/cat/cat_0006.jpeg
Concept,cat,pet_cat7,__MACOSX/benchmark_dataset/pet_cat7/._6.jpeg,datasets/partial/Concept/cat/cat_0007.jpeg
Concept,cat,pet_cat7,__MACOSX/benchmark_dataset/pet_cat7/._7.jpg,datasets/partial/Concept/cat/cat_0008.jpg
Concept,cat,pet_cat7,__MACOSX/benchmark_dataset/pet_cat7/._8.jpeg,datasets/partial/Concept/cat/cat_0009.jpeg
Concept,cat,pet_cat7,__MACOSX/benchmark_dataset/pet_cat7/._9.jpeg,datasets/partial/Concept/cat/cat_0010.jpeg
Concept,cat,pet_cat7,benchmark_dataset/pet_cat7/0.jpeg,datasets/partial/Concept/cat/cat_0011.jpg
Concept,cat,pet_cat7,benchmark_dataset/pet_cat7/1.jpeg,datasets/partial/Concept/cat/cat_0012.jpg
Concept,cat,pet_cat7,benchmark_dataset/pet_cat7/2.jpeg,datasets/partial/Concept/cat/cat_0013.jpg
Concept,cat,pet_cat7,benchmark_dataset/pet_cat7/3.jpeg,datasets/partial/Concept/cat/cat_0014.jpg
Concept,cat,pet_cat7,benchmark_dataset/pet_cat7/4.jpeg,datasets/partial/Concept/cat/cat_0015.jpg
Concept,cat,pet_cat7,benchmark_dataset/pet_cat7/5.jpeg,datasets/partial/Concept/cat/cat_0016.jpg
Concept,cat,pet_cat7,benchmark_dataset/pet_cat7/6.jpeg,datasets/partial/Concept/cat/cat_0017.jpg
Concept,cat,pet_cat7,benchmark_dataset/pet_cat7/7.jpg,datasets/partial/Concept/cat/cat_0018.jpg
Concept,cat,pet_cat7,benchmark_dataset/pet_cat7/8.jpeg,datasets/partial/Concept/cat/cat_0019.jpg
Concept,cat,pet_cat7,benchmark_dataset/pet_cat7/9.jpeg,datasets/partial/Concept/cat/cat_0020.jpg
Concept,cat,pet_cat5,__MACOSX/benchmark_dataset/pet_cat5/._zhang-kaiyv-IUl-bSx28WU-unsplash.jpg,datasets/partial/Concept/cat/cat_0021.jpg
Concept,cat,pet_cat5,__MACOSX/benchmark_dataset/pet_cat5/._zhang-kaiyv-NJDi7dUlpNk-unsplash.jpg,datasets/partial/Concept/cat/cat_0022.jpg
Concept,cat,pet_cat5,__MACOSX/benchmark_dataset/pet_cat5/._zhang-kaiyv-S3mP4s-JKGM-unsplash.jpg,datasets/partial/Concept/cat/cat_0023.jpg
Concept,cat,pet_cat5,__MACOSX/benchmark_dataset/pet_cat5/._zhang-kaiyv-iOoCYbsNYDE-unsplash.jpg,datasets/partial/Concept/cat/cat_0024.jpg
Concept,cat,pet_cat5,__MACOSX/benchmark_dataset/pet_cat5/._zhang-kaiyv-iXheXK4YeAk-unsplash.jpg,datasets/partial/Concept/cat/cat_0025.jpg
Concept,cat,pet_cat5,__MACOSX/benchmark_dataset/pet_cat5/._zhang-kaiyv-ixVJDSLuLlM-unsplash.jpg,datasets/partial/Concept/cat/cat_0026.jpg
Concept,cat,pet_cat5,__MACOSX/benchmark_dataset/pet_cat5/._zhang-kaiyv-n9u7QS4HrT4-unsplash.jpg,datasets/partial/Concept/cat/cat_0027.jpg
Concept,cat,pet_cat5,__MACOSX/benchmark_dataset/pet_cat5/._zhang-kaiyv-tw4R1Qq5TpQ-unsplash.jpg,datasets/partial/Concept/cat/cat_0028.jpg
Concept,cat,pet_cat5,__MACOSX/benchmark_dataset/pet_cat5/._zhang-kaiyv-vvk9olEKQo8-unsplash.jpg,datasets/partial/Concept/cat/cat_0029.jpg
Concept,cat,pet_cat5,benchmark_dataset/pet_cat5/zhang-kaiyv-IUl-bSx28WU-unsplash.jpg,datasets/partial/Concept/cat/cat_0030.jpg
Concept,dog,pet_dog2,__MACOSX/benchmark_dataset/pet_dog2/._0.JPG,datasets/partial/Concept/dog/dog_0001.jpg
Concept,dog,pet_dog2,__MACOSX/benchmark_dataset/pet_dog2/._1.png,datasets/partial/Concept/dog/dog_0002.png
Concept,dog,pet_dog2,__MACOSX/benchmark_dataset/pet_dog2/._2.png,datasets/partial/Concept/dog/dog_0003.png
Concept,dog,pet_dog2,__MACOSX/benchmark_dataset/pet_dog2/._3.png,datasets/partial/Concept/dog/dog_0004.png
Concept,dog,pet_dog2,__MACOSX/benchmark_dataset/pet_dog2/._4.JPG,datasets/partial/Concept/dog/dog_0005.jpg
Concept,dog,pet_dog2,__MACOSX/benchmark_dataset/pet_dog2/._5.png,datasets/partial/Concept/dog/dog_0006.png
Concept,dog,pet_dog2,__MACOSX/benchmark_dataset/pet_dog2/._6.JPG,datasets/partial/Concept/dog/dog_0007.jpg
Concept,dog,pet_dog2,__MACOSX/benchmark_dataset/pet_dog2/._7.png,datasets/partial/Concept/dog/dog_0008.png
Concept,dog,pet_dog2,__MACOSX/benchmark_dataset/pet_dog2/._8.JPG,datasets/partial/Concept/dog/dog_0009.jpg
Concept,dog,pet_dog2,benchmark_dataset/pet_dog2/0.JPG,datasets/partial/Concept/dog/dog_0010.jpg
Concept,dog,pet_dog2,benchmark_dataset/pet_dog2/1.png,datasets/partial/Concept/dog/dog_0011.jpg
Concept,dog,pet_dog2,benchmark_dataset/pet_dog2/2.png,datasets/partial/Concept/dog/dog_0012.jpg
Concept,dog,pet_dog2,benchmark_dataset/pet_dog2/3.png,datasets/partial/Concept/dog/dog_0013.jpg
Concept,dog,pet_dog2,benchmark_dataset/pet_dog2/4.JPG,datasets/partial/Concept/dog/dog_0014.jpg
Concept,dog,pet_dog2,benchmark_dataset/pet_dog2/5.png,datasets/partial/Concept/dog/dog_0015.jpg
Concept,dog,pet_dog2,benchmark_dataset/pet_dog2/6.JPG,datasets/partial/Concept/dog/dog_0016.jpg
Concept,dog,pet_dog2,benchmark_dataset/pet_dog2/7.png,datasets/partial/Concept/dog/dog_0017.jpg
Concept,dog,pet_dog2,benchmark_dataset/pet_dog2/8.JPG,datasets/partial/Concept/dog/dog_0018.jpg
Concept,dog,pet_dog1,__MACOSX/benchmark_dataset/pet_dog1/._0.jpeg,datasets/partial/Concept/dog/dog_0019.jpeg
Concept,dog,pet_dog1,__MACOSX/benchmark_dataset/pet_dog1/._1.jpeg,datasets/partial/Concept/dog/dog_0020.jpeg
Concept,dog,pet_dog1,__MACOSX/benchmark_dataset/pet_dog1/._2.jpeg,datasets/partial/Concept/dog/dog_0021.jpeg
Concept,dog,pet_dog1,__MACOSX/benchmark_dataset/pet_dog1/._3.jpeg,datasets/partial/Concept/dog/dog_0022.jpeg
Concept,dog,pet_dog1,__MACOSX/benchmark_dataset/pet_dog1/._4.jpeg,datasets/partial/Concept/dog/dog_0023.jpeg
Concept,dog,pet_dog1,__MACOSX/benchmark_dataset/pet_dog1/._5.jpeg,datasets/partial/Concept/dog/dog_0024.jpeg
Concept,dog,pet_dog1,__MACOSX/benchmark_dataset/pet_dog1/._6.jpeg,datasets/partial/Concept/dog/dog_0025.jpeg
Concept,dog,pet_dog1,__MACOSX/benchmark_dataset/pet_dog1/._7.jpeg,datasets/partial/Concept/dog/dog_0026.jpeg
Concept,dog,pet_dog1,benchmark_dataset/pet_dog1/0.jpeg,datasets/partial/Concept/dog/dog_0027.jpg
Concept,dog,pet_dog1,benchmark_dataset/pet_dog1/1.jpeg,datasets/partial/Concept/dog/dog_0028.jpg
Concept,dog,pet_dog1,benchmark_dataset/pet_dog1/2.jpeg,datasets/partial/Concept/dog/dog_0029.jpg
Concept,dog,pet_dog1,benchmark_dataset/pet_dog1/3.jpeg,datasets/partial/Concept/dog/dog_0030.jpg
Concept,purse,luggage_purse4,__MACOSX/benchmark_dataset/luggage_purse4/._0.png,datasets/partial/Concept/purse/purse_0001.png
Concept,purse,luggage_purse4,__MACOSX/benchmark_dataset/luggage_purse4/._1.png,datasets/partial/Concept/purse/purse_0002.png
Concept,purse,luggage_purse4,__MACOSX/benchmark_dataset/luggage_purse4/._2.png,datasets/partial/Concept/purse/purse_0003.png
Concept,purse,luggage_purse4,__MACOSX/benchmark_dataset/luggage_purse4/._3.png,datasets/partial/Concept/purse/purse_0004.png
Concept,purse,luggage_purse4,__MACOSX/benchmark_dataset/luggage_purse4/._4.png,datasets/partial/Concept/purse/purse_0005.png
Concept,purse,luggage_purse4,__MACOSX/benchmark_dataset/luggage_purse4/._5.png,datasets/partial/Concept/purse/purse_0006.png
Concept,purse,luggage_purse4,benchmark_dataset/luggage_purse4/0.png,datasets/partial/Concept/purse/purse_0007.jpg
Concept,purse,luggage_purse4,benchmark_dataset/luggage_purse4/1.png,datasets/partial/Concept/purse/purse_0008.jpg
Concept,purse,luggage_purse4,benchmark_dataset/luggage_purse4/2.png,datasets/partial/Concept/purse/purse_0009.jpg
Concept,purse,luggage_purse4,benchmark_dataset/luggage_purse4/3.png,datasets/partial/Concept/purse/purse_0010.jpg
Concept,purse,luggage_purse4,benchmark_dataset/luggage_purse4/4.png,datasets/partial/Concept/purse/purse_0011.jpg
Concept,purse,luggage_purse4,benchmark_dataset/luggage_purse4/5.png,datasets/partial/Concept/purse/purse_0012.jpg
Concept,purse,luggage_purse1,__MACOSX/benchmark_dataset/luggage_purse1/._laura-chouette-9gzSVDpyxPg-unsplash.jpg,datasets/partial/Concept/purse/purse_0013.jpg
Concept,purse,luggage_purse1,__MACOSX/benchmark_dataset/luggage_purse1/._laura-chouette-FTaKIJ_uEo0-unsplash.jpg,datasets/partial/Concept/purse/purse_0014.jpg
Concept,purse,luggage_purse1,__MACOSX/benchmark_dataset/luggage_purse1/._laura-chouette-R2DDxvSNxkM-unsplash.jpg,datasets/partial/Concept/purse/purse_0015.jpg
Concept,purse,luggage_purse1,__MACOSX/benchmark_dataset/luggage_purse1/._laura-chouette-RycLeDdrWJ0-unsplash.jpg,datasets/partial/Concept/purse/purse_0016.jpg
Concept,purse,luggage_purse1,__MACOSX/benchmark_dataset/luggage_purse1/._laura-chouette-b7kMR1VYAJc-unsplash.jpg,datasets/partial/Concept/purse/purse_0017.jpg
Concept,purse,luggage_purse1,benchmark_dataset/luggage_purse1/laura-chouette-9gzSVDpyxPg-unsplash.jpg,datasets/partial/Concept/purse/purse_0018.jpg
Concept,purse,luggage_purse1,benchmark_dataset/luggage_purse1/laura-chouette-FTaKIJ_uEo0-unsplash.jpg,datasets/partial/Concept/purse/purse_0019.jpg
Concept,purse,luggage_purse1,benchmark_dataset/luggage_purse1/laura-chouette-R2DDxvSNxkM-unsplash.jpg,datasets/partial/Concept/purse/purse_0020.jpg
Concept,purse,luggage_purse1,benchmark_dataset/luggage_purse1/laura-chouette-RycLeDdrWJ0-unsplash.jpg,datasets/partial/Concept/purse/purse_0021.jpg
Concept,purse,luggage_purse1,benchmark_dataset/luggage_purse1/laura-chouette-b7kMR1VYAJc-unsplash.jpg,datasets/partial/Concept/purse/purse_0022.jpg
Concept,purse,luggage_purse2,__MACOSX/benchmark_dataset/luggage_purse2/._ivan-kazlouskij-4NSRtWCbZFk-unsplash.jpg,datasets/partial/Concept/purse/purse_0023.jpg
Concept,purse,luggage_purse2,__MACOSX/benchmark_dataset/luggage_purse2/._ivan-kazlouskij-AB7WaWI4_RY-unsplash.jpg,datasets/partial/Concept/purse/purse_0024.jpg
Concept,purse,luggage_purse2,__MACOSX/benchmark_dataset/luggage_purse2/._ivan-kazlouskij-KBS4Ktx1m3k-unsplash.jpg,datasets/partial/Concept/purse/purse_0025.jpg
Concept,purse,luggage_purse2,__MACOSX/benchmark_dataset/luggage_purse2/._ivan-kazlouskij-eU-xXGfY6Fk-unsplash.jpg,datasets/partial/Concept/purse/purse_0026.jpg
Concept,purse,luggage_purse2,benchmark_dataset/luggage_purse2/ivan-kazlouskij-4NSRtWCbZFk-unsplash.jpg,datasets/partial/Concept/purse/purse_0027.jpg
Concept,purse,luggage_purse2,benchmark_dataset/luggage_purse2/ivan-kazlouskij-AB7WaWI4_RY-unsplash.jpg,datasets/partial/Concept/purse/purse_0028.jpg
Concept,purse,luggage_purse2,benchmark_dataset/luggage_purse2/ivan-kazlouskij-KBS4Ktx1m3k-unsplash.jpg,datasets/partial/Concept/purse/purse_0029.jpg
Concept,purse,luggage_purse2,benchmark_dataset/luggage_purse2/ivan-kazlouskij-eU-xXGfY6Fk-unsplash.jpg,datasets/partial/Concept/purse/purse_0030.jpg
Concept,person,person_3,__MACOSX/benchmark_dataset/person_3/._0.jpg,datasets/partial/Concept/person/person_0001.jpg
Concept,person,person_3,__MACOSX/benchmark_dataset/person_3/._1.png,datasets/partial/Concept/person/person_0002.png
Concept,person,person_3,__MACOSX/benchmark_dataset/person_3/._10.png,datasets/partial/Concept/person/person_0003.png
Concept,person,person_3,__MACOSX/benchmark_dataset/person_3/._11.png,datasets/partial/Concept/person/person_0004.png
Concept,person,person_3,__MACOSX/benchmark_dataset/person_3/._12.png,datasets/partial/Concept/person/person_0005.png
Concept,person,person_3,__MACOSX/benchmark_dataset/person_3/._13.png,datasets/partial/Concept/person/person_0006.png
Concept,person,person_3,__MACOSX/benchmark_dataset/person_3/._14.jpg,datasets/partial/Concept/person/person_0007.jpg
Concept,person,person_3,__MACOSX/benchmark_dataset/person_3/._2.png,datasets/partial/Concept/person/person_0008.png
Concept,person,person_3,__MACOSX/benchmark_dataset/person_3/._3.png,datasets/partial/Concept/person/person_0009.png
Concept,person,person_3,__MACOSX/benchmark_dataset/person_3/._4.png,datasets/partial/Concept/person/person_0010.png
Concept,person,person_3,__MACOSX/benchmark_dataset/person_3/._5.png,datasets/partial/Concept/person/person_0011.png
Concept,person,person_3,__MACOSX/benchmark_dataset/person_3/._6.png,datasets/partial/Concept/person/person_0012.png
Concept,person,person_3,__MACOSX/benchmark_dataset/person_3/._7.jpg,datasets/partial/Concept/person/person_0013.jpg
Concept,person,person_3,__MACOSX/benchmark_dataset/person_3/._8.png,datasets/partial/Concept/person/person_0014.png
Concept,person,person_3,__MACOSX/benchmark_dataset/person_3/._9.png,datasets/partial/Concept/person/person_0015.png
Concept,person,person_3,benchmark_dataset/person_3/0.jpg,datasets/partial/Concept/person/person_0016.jpg
Concept,person,person_3,benchmark_dataset/person_3/1.png,datasets/partial/Concept/person/person_0017.jpg
Concept,person,person_3,benchmark_dataset/person_3/10.png,datasets/partial/Concept/person/person_0018.jpg
Concept,person,person_3,benchmark_dataset/person_3/11.png,datasets/partial/Concept/person/person_0019.jpg
Concept,person,person_3,benchmark_dataset/person_3/12.png,datasets/partial/Concept/person/person_0020.jpg
Concept,person,person_3,benchmark_dataset/person_3/13.png,datasets/partial/Concept/person/person_0021.jpg
Concept,person,person_3,benchmark_dataset/person_3/14.jpg,datasets/partial/Concept/person/person_0022.jpg
Concept,person,person_3,benchmark_dataset/person_3/2.png,datasets/partial/Concept/person/person_0023.jpg
Concept,person,person_3,benchmark_dataset/person_3/3.png,datasets/partial/Concept/person/person_0024.jpg
Concept,person,person_3,benchmark_dataset/person_3/4.png,datasets/partial/Concept/person/person_0025.jpg
Concept,person,person_3,benchmark_dataset/person_3/5.png,datasets/partial/Concept/person/person_0026.jpg
Concept,person,person_3,benchmark_dataset/person_3/6.png,datasets/partial/Concept/person/person_0027.jpg
Concept,person,person_3,benchmark_dataset/person_3/7.jpg,datasets/partial/Concept/person/person_0028.jpg
Concept,person,person_3,benchmark_dataset/person_3/8.png,datasets/partial/Concept/person/person_0029.jpg
Concept,person,person_3,benchmark_dataset/person_3/9.png,datasets/partial/Concept/person/person_0030.jpg
Concept,plushie,plushie_pink,__MACOSX/benchmark_dataset/plushie_pink/._0.jpg,datasets/partial/Concept/plushie/plushie_0001.jpg
Concept,plushie,plushie_pink,__MACOSX/benchmark_dataset/plushie_pink/._1.jpg,datasets/partial/Concept/plushie/plushie_0002.jpg
Concept,plushie,plushie_pink,__MACOSX/benchmark_dataset/plushie_pink/._2.jpg,datasets/partial/Concept/plushie/plushie_0003.jpg
Concept,plushie,plushie_pink,__MACOSX/benchmark_dataset/plushie_pink/._3.png,datasets/partial/Concept/plushie/plushie_0004.png
Concept,plushie,plushie_pink,__MACOSX/benchmark_dataset/plushie_pink/._4.png,datasets/partial/Concept/plushie/plushie_0005.png
Concept,plushie,plushie_pink,__MACOSX/benchmark_dataset/plushie_pink/._5.jpg,datasets/partial/Concept/plushie/plushie_0006.jpg
Concept,plushie,plushie_pink,__MACOSX/benchmark_dataset/plushie_pink/._6.png,datasets/partial/Concept/plushie/plushie_0007.png
Concept,plushie,plushie_pink,__MACOSX/benchmark_dataset/plushie_pink/._7.png,datasets/partial/Concept/plushie/plushie_0008.png
Concept,plushie,plushie_pink,__MACOSX/benchmark_dataset/plushie_pink/._8.png,datasets/partial/Concept/plushie/plushie_0009.png
Concept,plushie,plushie_pink,__MACOSX/benchmark_dataset/plushie_pink/._9.png,datasets/partial/Concept/plushie/plushie_0010.png
Concept,plushie,plushie_pink,benchmark_dataset/plushie_pink/0.jpg,datasets/partial/Concept/plushie/plushie_0011.jpg
Concept,plushie,plushie_pink,benchmark_dataset/plushie_pink/1.jpg,datasets/partial/Concept/plushie/plushie_0012.jpg
Concept,plushie,plushie_pink,benchmark_dataset/plushie_pink/2.jpg,datasets/partial/Concept/plushie/plushie_0013.jpg
Concept,plushie,plushie_pink,benchmark_dataset/plushie_pink/3.png,datasets/partial/Concept/plushie/plushie_0014.jpg
Concept,plushie,plushie_pink,benchmark_dataset/plushie_pink/4.png,datasets/partial/Concept/plushie/plushie_0015.jpg
Concept,plushie,plushie_pink,benchmark_dataset/plushie_pink/5.jpg,datasets/partial/Concept/plushie/plushie_0016.jpg
Concept,plushie,plushie_pink,benchmark_dataset/plushie_pink/6.png,datasets/partial/Concept/plushie/plushie_0017.jpg
Concept,plushie,plushie_pink,benchmark_dataset/plushie_pink/7.png,datasets/partial/Concept/plushie/plushie_0018.jpg
Concept,plushie,plushie_pink,benchmark_dataset/plushie_pink/8.png,datasets/partial/Concept/plushie/plushie_0019.jpg
Concept,plushie,plushie_pink,benchmark_dataset/plushie_pink/9.png,datasets/partial/Concept/plushie/plushie_0020.jpg
Concept,plushie,plushie_happysad,__MACOSX/benchmark_dataset/plushie_happysad/._0.png,datasets/partial/Concept/plushie/plushie_0021.png
Concept,plushie,plushie_happysad,__MACOSX/benchmark_dataset/plushie_happysad/._1.png,datasets/partial/Concept/plushie/plushie_0022.png
Concept,plushie,plushie_happysad,__MACOSX/benchmark_dataset/plushie_happysad/._2.png,datasets/partial/Concept/plushie/plushie_0023.png
Concept,plushie,plushie_happysad,__MACOSX/benchmark_dataset/plushie_happysad/._3.png,datasets/partial/Concept/plushie/plushie_0024.png
Concept,plushie,plushie_happysad,__MACOSX/benchmark_dataset/plushie_happysad/._4.png,datasets/partial/Concept/plushie/plushie_0025.png
Concept,plushie,plushie_happysad,__MACOSX/benchmark_dataset/plushie_happysad/._5.png,datasets/partial/Concept/plushie/plushie_0026.png
Concept,plushie,plushie_happysad,__MACOSX/benchmark_dataset/plushie_happysad/._6.png,datasets/partial/Concept/plushie/plushie_0027.png
Concept,plushie,plushie_happysad,benchmark_dataset/plushie_happysad/0.png,datasets/partial/Concept/plushie/plushie_0028.jpg
Concept,plushie,plushie_happysad,benchmark_dataset/plushie_happysad/1.png,datasets/partial/Concept/plushie/plushie_0029.jpg
Concept,plushie,plushie_happysad,benchmark_dataset/plushie_happysad/2.png,datasets/partial/Concept/plushie/plushie_0030.jpg
Concept,houseplant,decoritems_houseplant2,__MACOSX/benchmark_dataset/decoritems_houseplant2/._0.png,datasets/partial/Concept/houseplant/houseplant_0001.png
Concept,houseplant,decoritems_houseplant2,__MACOSX/benchmark_dataset/decoritems_houseplant2/._1.png,datasets/partial/Concept/houseplant/houseplant_0002.png
Concept,houseplant,decoritems_houseplant2,__MACOSX/benchmark_dataset/decoritems_houseplant2/._2.png,datasets/partial/Concept/houseplant/houseplant_0003.png
Concept,houseplant,decoritems_houseplant2,__MACOSX/benchmark_dataset/decoritems_houseplant2/._3.png,datasets/partial/Concept/houseplant/houseplant_0004.png
Concept,houseplant,decoritems_houseplant2,__MACOSX/benchmark_dataset/decoritems_houseplant2/._4.png,datasets/partial/Concept/houseplant/houseplant_0005.png
Concept,houseplant,decoritems_houseplant2,__MACOSX/benchmark_dataset/decoritems_houseplant2/._5.png,datasets/partial/Concept/houseplant/houseplant_0006.png
Concept,houseplant,decoritems_houseplant2,__MACOSX/benchmark_dataset/decoritems_houseplant2/._6.png,datasets/partial/Concept/houseplant/houseplant_0007.png
Concept,houseplant,decoritems_houseplant2,__MACOSX/benchmark_dataset/decoritems_houseplant2/._7.png,datasets/partial/Concept/houseplant/houseplant_0008.png
Concept,houseplant,decoritems_houseplant2,benchmark_dataset/decoritems_houseplant2/0.png,datasets/partial/Concept/houseplant/houseplant_0009.jpg
Concept,houseplant,decoritems_houseplant2,benchmark_dataset/decoritems_houseplant2/1.png,datasets/partial/Concept/houseplant/houseplant_0010.jpg
Concept,houseplant,decoritems_houseplant2,benchmark_dataset/decoritems_houseplant2/2.png,datasets/partial/Concept/houseplant/houseplant_0011.jpg
Concept,houseplant,decoritems_houseplant2,benchmark_dataset/decoritems_houseplant2/3.png,datasets/partial/Concept/houseplant/houseplant_0012.jpg
Concept,houseplant,decoritems_houseplant2,benchmark_dataset/decoritems_houseplant2/4.png,datasets/partial/Concept/houseplant/houseplant_0013.jpg
Concept,houseplant,decoritems_houseplant2,benchmark_dataset/decoritems_houseplant2/5.png,datasets/partial/Concept/houseplant/houseplant_0014.jpg
Concept,houseplant,decoritems_houseplant2,benchmark_dataset/decoritems_houseplant2/6.png,datasets/partial/Concept/houseplant/houseplant_0015.jpg
Concept,houseplant,decoritems_houseplant2,benchmark_dataset/decoritems_houseplant2/7.png,datasets/partial/Concept/houseplant/houseplant_0016.jpg
Concept,houseplant,decoritems_houseplant3,__MACOSX/benchmark_dataset/decoritems_houseplant3/._0.png,datasets/partial/Concept/houseplant/houseplant_0017.png
Concept,houseplant,decoritems_houseplant3,__MACOSX/benchmark_dataset/decoritems_houseplant3/._1.png,datasets/partial/Concept/houseplant/houseplant_0018.png
Concept,houseplant,decoritems_houseplant3,__MACOSX/benchmark_dataset/decoritems_houseplant3/._2.png,datasets/partial/Concept/houseplant/houseplant_0019.png
Concept,houseplant,decoritems_houseplant3,__MACOSX/benchmark_dataset/decoritems_houseplant3/._3.png,datasets/partial/Concept/houseplant/houseplant_0020.png
Concept,houseplant,decoritems_houseplant3,__MACOSX/benchmark_dataset/decoritems_houseplant3/._4.png,datasets/partial/Concept/houseplant/houseplant_0021.png
Concept,houseplant,decoritems_houseplant3,__MACOSX/benchmark_dataset/decoritems_houseplant3/._5.png,datasets/partial/Concept/houseplant/houseplant_0022.png
Concept,houseplant,decoritems_houseplant3,__MACOSX/benchmark_dataset/decoritems_houseplant3/._6.png,datasets/partial/Concept/houseplant/houseplant_0023.png
Concept,houseplant,decoritems_houseplant3,benchmark_dataset/decoritems_houseplant3/0.png,datasets/partial/Concept/houseplant/houseplant_0024.jpg
Concept,houseplant,decoritems_houseplant3,benchmark_dataset/decoritems_houseplant3/1.png,datasets/partial/Concept/houseplant/houseplant_0025.jpg
Concept,houseplant,decoritems_houseplant3,benchmark_dataset/decoritems_houseplant3/2.png,datasets/partial/Concept/houseplant/houseplant_0026.jpg
Concept,houseplant,decoritems_houseplant3,benchmark_dataset/decoritems_houseplant3/3.png,datasets/partial/Concept/houseplant/houseplant_0027.jpg
Concept,houseplant,decoritems_houseplant3,benchmark_dataset/decoritems_houseplant3/4.png,datasets/partial/Concept/houseplant/houseplant_0028.jpg
Concept,houseplant,decoritems_houseplant3,benchmark_dataset/decoritems_houseplant3/5.png,datasets/partial/Concept/houseplant/houseplant_0029.jpg
Concept,houseplant,decoritems_houseplant3,benchmark_dataset/decoritems_houseplant3/6.png,datasets/partial/Concept/houseplant/houseplant_0030.jpg
Concept,cup,things_cup2,__MACOSX/benchmark_dataset/things_cup2/._0.jpg,datasets/partial/Concept/cup/cup_0001.jpg
Concept,cup,things_cup2,__MACOSX/benchmark_dataset/things_cup2/._1.jpg,datasets/partial/Concept/cup/cup_0002.jpg
Concept,cup,things_cup2,__MACOSX/benchmark_dataset/things_cup2/._2.jpg,datasets/partial/Concept/cup/cup_0003.jpg
Concept,cup,things_cup2,__MACOSX/benchmark_dataset/things_cup2/._3.jpg,datasets/partial/Concept/cup/cup_0004.jpg
Concept,cup,things_cup2,__MACOSX/benchmark_dataset/things_cup2/._4.jpg,datasets/partial/Concept/cup/cup_0005.jpg
Concept,cup,things_cup2,__MACOSX/benchmark_dataset/things_cup2/._5.jpg,datasets/partial/Concept/cup/cup_0006.jpg
Concept,cup,things_cup2,__MACOSX/benchmark_dataset/things_cup2/._6.jpg,datasets/partial/Concept/cup/cup_0007.jpg
Concept,cup,things_cup2,__MACOSX/benchmark_dataset/things_cup2/._7.jpg,datasets/partial/Concept/cup/cup_0008.jpg
Concept,cup,things_cup2,__MACOSX/benchmark_dataset/things_cup2/._8.jpg,datasets/partial/Concept/cup/cup_0009.jpg
Concept,cup,things_cup2,__MACOSX/benchmark_dataset/things_cup2/._9.jpg,datasets/partial/Concept/cup/cup_0010.jpg
Concept,cup,things_cup2,benchmark_dataset/things_cup2/0.jpg,datasets/partial/Concept/cup/cup_0011.jpg
Concept,cup,things_cup2,benchmark_dataset/things_cup2/1.jpg,datasets/partial/Concept/cup/cup_0012.jpg
Concept,cup,things_cup2,benchmark_dataset/things_cup2/2.jpg,datasets/partial/Concept/cup/cup_0013.jpg
Concept,cup,things_cup2,benchmark_dataset/things_cup2/3.jpg,datasets/partial/Concept/cup/cup_0014.jpg
Concept,cup,things_cup2,benchmark_dataset/things_cup2/4.jpg,datasets/partial/Concept/cup/cup_0015.jpg
Concept,cup,things_cup2,benchmark_dataset/things_cup2/5.jpg,datasets/partial/Concept/cup/cup_0016.jpg
Concept,cup,things_cup2,benchmark_dataset/things_cup2/6.jpg,datasets/partial/Concept/cup/cup_0017.jpg
Concept,cup,things_cup2,benchmark_dataset/things_cup2/7.jpg,datasets/partial/Concept/cup/cup_0018.jpg
Concept,cup,things_cup2,benchmark_dataset/things_cup2/8.jpg,datasets/partial/Concept/cup/cup_0019.jpg
Concept,cup,things_cup2,benchmark_dataset/things_cup2/9.jpg,datasets/partial/Concept/cup/cup_0020.jpg
Concept,cup,things_cup3,__MACOSX/benchmark_dataset/things_cup3/._0.png,datasets/partial/Concept/cup/cup_0021.png
Concept,cup,things_cup3,__MACOSX/benchmark_dataset/things_cup3/._1.png,datasets/partial/Concept/cup/cup_0022.png
Concept,cup,things_cup3,__MACOSX/benchmark_dataset/things_cup3/._2.png,datasets/partial/Concept/cup/cup_0023.png
Concept,cup,things_cup3,__MACOSX/benchmark_dataset/things_cup3/._3.png,datasets/partial/Concept/cup/cup_0024.png
Concept,cup,things_cup3,__MACOSX/benchmark_dataset/things_cup3/._4.png,datasets/partial/Concept/cup/cup_0025.png
Concept,cup,things_cup3,__MACOSX/benchmark_dataset/things_cup3/._5.png,datasets/partial/Concept/cup/cup_0026.png
Concept,cup,things_cup3,__MACOSX/benchmark_dataset/things_cup3/._6.png,datasets/partial/Concept/cup/cup_0027.png
Concept,cup,things_cup3,benchmark_dataset/things_cup3/0.png,datasets/partial/Concept/cup/cup_0028.jpg
Concept,cup,things_cup3,benchmark_dataset/things_cup3/1.png,datasets/partial/Concept/cup/cup_0029.jpg
Concept,cup,things_cup3,benchmark_dataset/things_cup3/2.png,datasets/partial/Concept/cup/cup_0030.jpg
Concept,chair,furniture_chair3,__MACOSX/benchmark_dataset/furniture_chair3/._0.png,datasets/partial/Concept/chair/chair_0001.png
Concept,chair,furniture_chair3,__MACOSX/benchmark_dataset/furniture_chair3/._1.png,datasets/partial/Concept/chair/chair_0002.png
Concept,chair,furniture_chair3,__MACOSX/benchmark_dataset/furniture_chair3/._2.png,datasets/partial/Concept/chair/chair_0003.png
Concept,chair,furniture_chair3,__MACOSX/benchmark_dataset/furniture_chair3/._3.png,datasets/partial/Concept/chair/chair_0004.png
Concept,chair,furniture_chair3,__MACOSX/benchmark_dataset/furniture_chair3/._4.png,datasets/partial/Concept/chair/chair_0005.png
Concept,chair,furniture_chair3,benchmark_dataset/furniture_chair3/0.png,datasets/partial/Concept/chair/chair_0006.jpg
Concept,chair,furniture_chair3,benchmark_dataset/furniture_chair3/1.png,datasets/partial/Concept/chair/chair_0007.jpg
Concept,chair,furniture_chair3,benchmark_dataset/furniture_chair3/2.png,datasets/partial/Concept/chair/chair_0008.jpg
Concept,chair,furniture_chair3,benchmark_dataset/furniture_chair3/3.png,datasets/partial/Concept/chair/chair_0009.jpg
Concept,chair,furniture_chair3,benchmark_dataset/furniture_chair3/4.png,datasets/partial/Concept/chair/chair_0010.jpg
Concept,chair,furniture_chair1,__MACOSX/benchmark_dataset/furniture_chair1/._0.jpeg,datasets/partial/Concept/chair/chair_0011.jpeg
Concept,chair,furniture_chair1,__MACOSX/benchmark_dataset/furniture_chair1/._kara-eads-xRyL63AwZFE-unsplash.jpg,datasets/partial/Concept/chair/chair_0012.jpg
Concept,chair,furniture_chair1,__MACOSX/benchmark_dataset/furniture_chair1/._mark-west-Fg_4Wn1r0bU-unsplash.jpg,datasets/partial/Concept/chair/chair_0013.jpg
Concept,chair,furniture_chair1,__MACOSX/benchmark_dataset/furniture_chair1/._sarah-dorweiler-7tFlUFGa7Dk-unsplash.jpg,datasets/partial/Concept/chair/chair_0014.jpg
Concept,chair,furniture_chair1,__MACOSX/benchmark_dataset/furniture_chair1/._scott-webb-eD853mTbBA0-unsplash.jpg,datasets/partial/Concept/chair/chair_0015.jpg
Concept,chair,furniture_chair1,benchmark_dataset/furniture_chair1/0.jpeg,datasets/partial/Concept/chair/chair_0016.jpg
Concept,chair,furniture_chair1,benchmark_dataset/furniture_chair1/kara-eads-xRyL63AwZFE-unsplash.jpg,datasets/partial/Concept/chair/chair_0017.jpg
Concept,chair,furniture_chair1,benchmark_dataset/furniture_chair1/mark-west-Fg_4Wn1r0bU-unsplash.jpg,datasets/partial/Concept/chair/chair_0018.jpg
Concept,chair,furniture_chair1,benchmark_dataset/furniture_chair1/sarah-dorweiler-7tFlUFGa7Dk-unsplash.jpg,datasets/partial/Concept/chair/chair_0019.jpg
Concept,chair,furniture_chair1,benchmark_dataset/furniture_chair1/scott-webb-eD853mTbBA0-unsplash.jpg,datasets/partial/Concept/chair/chair_0020.jpg
Concept,chair,furniture_chair2,__MACOSX/benchmark_dataset/furniture_chair2/._rosemary-fields-Ah52Hgrae-Y-unsplash.jpg,datasets/partial/Concept/chair/chair_0021.jpg
Concept,chair,furniture_chair2,__MACOSX/benchmark_dataset/furniture_chair2/._rosemary-fields-ZIGZDDsoYCw-unsplash.jpg,datasets/partial/Concept/chair/chair_0022.jpg
Concept,chair,furniture_chair2,__MACOSX/benchmark_dataset/furniture_chair2/._rosemary-fields-cHo2KJxqPuU-unsplash.jpg,datasets/partial/Concept/chair/chair_0023.jpg
Concept,chair,furniture_chair2,__MACOSX/benchmark_dataset/furniture_chair2/._rosemary-fields-lxDmpH2QLmM-unsplash.jpg,datasets/partial/Concept/chair/chair_0024.jpg
Concept,chair,furniture_chair2,benchmark_dataset/furniture_chair2/rosemary-fields-Ah52Hgrae-Y-unsplash.jpg,datasets/partial/Concept/chair/chair_0025.jpg
Concept,chair,furniture_chair2,benchmark_dataset/furniture_chair2/rosemary-fields-ZIGZDDsoYCw-unsplash.jpg,datasets/partial/Concept/chair/chair_0026.jpg
Concept,chair,furniture_chair2,benchmark_dataset/furniture_chair2/rosemary-fields-cHo2KJxqPuU-unsplash.jpg,datasets/partial/Concept/chair/chair_0027.jpg
Concept,chair,furniture_chair2,benchmark_dataset/furniture_chair2/rosemary-fields-lxDmpH2QLmM-unsplash.jpg,datasets/partial/Concept/chair/chair_0028.jpg
Concept,sunglasses,wearable_sunglasses2,__MACOSX/benchmark_dataset/wearable_sunglasses2/._0.png,datasets/partial/Concept/sunglasses/sunglasses_0001.png
Concept,sunglasses,wearable_sunglasses2,__MACOSX/benchmark_dataset/wearable_sunglasses2/._1.png,datasets/partial/Concept/sunglasses/sunglasses_0002.png
Concept,sunglasses,wearable_sunglasses2,__MACOSX/benchmark_dataset/wearable_sunglasses2/._2.png,datasets/partial/Concept/sunglasses/sunglasses_0003.png
Concept,sunglasses,wearable_sunglasses2,__MACOSX/benchmark_dataset/wearable_sunglasses2/._3.png,datasets/partial/Concept/sunglasses/sunglasses_0004.png
Concept,sunglasses,wearable_sunglasses2,__MACOSX/benchmark_dataset/wearable_sunglasses2/._4.png,datasets/partial/Concept/sunglasses/sunglasses_0005.png
Concept,sunglasses,wearable_sunglasses2,__MACOSX/benchmark_dataset/wearable_sunglasses2/._5.png,datasets/partial/Concept/sunglasses/sunglasses_0006.png
Concept,sunglasses,wearable_sunglasses2,__MACOSX/benchmark_dataset/wearable_sunglasses2/._6.png,datasets/partial/Concept/sunglasses/sunglasses_0007.png
Concept,sunglasses,wearable_sunglasses2,__MACOSX/benchmark_dataset/wearable_sunglasses2/._7.png,datasets/partial/Concept/sunglasses/sunglasses_0008.png
Concept,sunglasses,wearable_sunglasses2,__MACOSX/benchmark_dataset/wearable_sunglasses2/._8.png,datasets/partial/Concept/sunglasses/sunglasses_0009.png
Concept,sunglasses,wearable_sunglasses2,__MACOSX/benchmark_dataset/wearable_sunglasses2/._9.png,datasets/partial/Concept/sunglasses/sunglasses_0010.png
Concept,sunglasses,wearable_sunglasses2,benchmark_dataset/wearable_sunglasses2/0.png,datasets/partial/Concept/sunglasses/sunglasses_0011.jpg
Concept,sunglasses,wearable_sunglasses2,benchmark_dataset/wearable_sunglasses2/1.png,datasets/partial/Concept/sunglasses/sunglasses_0012.jpg
Concept,sunglasses,wearable_sunglasses2,benchmark_dataset/wearable_sunglasses2/2.png,datasets/partial/Concept/sunglasses/sunglasses_0013.jpg
Concept,sunglasses,wearable_sunglasses2,benchmark_dataset/wearable_sunglasses2/3.png,datasets/partial/Concept/sunglasses/sunglasses_0014.jpg
Concept,sunglasses,wearable_sunglasses2,benchmark_dataset/wearable_sunglasses2/4.png,datasets/partial/Concept/sunglasses/sunglasses_0015.jpg
Concept,sunglasses,wearable_sunglasses2,benchmark_dataset/wearable_sunglasses2/5.png,datasets/partial/Concept/sunglasses/sunglasses_0016.jpg
Concept,sunglasses,wearable_sunglasses2,benchmark_dataset/wearable_sunglasses2/6.png,datasets/partial/Concept/sunglasses/sunglasses_0017.jpg
Concept,sunglasses,wearable_sunglasses2,benchmark_dataset/wearable_sunglasses2/7.png,datasets/partial/Concept/sunglasses/sunglasses_0018.jpg
Concept,sunglasses,wearable_sunglasses2,benchmark_dataset/wearable_sunglasses2/8.png,datasets/partial/Concept/sunglasses/sunglasses_0019.jpg
Concept,sunglasses,wearable_sunglasses2,benchmark_dataset/wearable_sunglasses2/9.png,datasets/partial/Concept/sunglasses/sunglasses_0020.jpg
Concept,sunglasses,wearable_sunglasses1,__MACOSX/benchmark_dataset/wearable_sunglasses1/._0.png,datasets/partial/Concept/sunglasses/sunglasses_0021.png
Concept,sunglasses,wearable_sunglasses1,__MACOSX/benchmark_dataset/wearable_sunglasses1/._1.png,datasets/partial/Concept/sunglasses/sunglasses_0022.png
Concept,sunglasses,wearable_sunglasses1,__MACOSX/benchmark_dataset/wearable_sunglasses1/._2.jpeg,datasets/partial/Concept/sunglasses/sunglasses_0023.jpeg
Concept,sunglasses,wearable_sunglasses1,__MACOSX/benchmark_dataset/wearable_sunglasses1/._3.png,datasets/partial/Concept/sunglasses/sunglasses_0024.png
Concept,sunglasses,wearable_sunglasses1,__MACOSX/benchmark_dataset/wearable_sunglasses1/._4.png,datasets/partial/Concept/sunglasses/sunglasses_0025.png
Concept,sunglasses,wearable_sunglasses1,__MACOSX/benchmark_dataset/wearable_sunglasses1/._5.png,datasets/partial/Concept/sunglasses/sunglasses_0026.png
Concept,sunglasses,wearable_sunglasses1,__MACOSX/benchmark_dataset/wearable_sunglasses1/._6.png,datasets/partial/Concept/sunglasses/sunglasses_0027.png
Concept,sunglasses,wearable_sunglasses1,__MACOSX/benchmark_dataset/wearable_sunglasses1/._7.png,datasets/partial/Concept/sunglasses/sunglasses_0028.png
Concept,sunglasses,wearable_sunglasses1,__MACOSX/benchmark_dataset/wearable_sunglasses1/._8.png,datasets/partial/Concept/sunglasses/sunglasses_0029.png
Concept,sunglasses,wearable_sunglasses1,__MACOSX/benchmark_dataset/wearable_sunglasses1/._9.png,datasets/partial/Concept/sunglasses/sunglasses_0030.png
Concept,headphone,things_headphone2,__MACOSX/benchmark_dataset/things_headphone2/._0.png,datasets/partial/Concept/headphone/headphone_0001.png
Concept,headphone,things_headphone2,__MACOSX/benchmark_dataset/things_headphone2/._1.png,datasets/partial/Concept/headphone/headphone_0002.png
Concept,headphone,things_headphone2,__MACOSX/benchmark_dataset/things_headphone2/._2.png,datasets/partial/Concept/headphone/headphone_0003.png
Concept,headphone,things_headphone2,__MACOSX/benchmark_dataset/things_headphone2/._3.png,datasets/partial/Concept/headphone/headphone_0004.png
Concept,headphone,things_headphone2,__MACOSX/benchmark_dataset/things_headphone2/._4.png,datasets/partial/Concept/headphone/headphone_0005.png
Concept,headphone,things_headphone2,__MACOSX/benchmark_dataset/things_headphone2/._5.png,datasets/partial/Concept/headphone/headphone_0006.png
Concept,headphone,things_headphone2,__MACOSX/benchmark_dataset/things_headphone2/._6.png,datasets/partial/Concept/headphone/headphone_0007.png
Concept,headphone,things_headphone2,__MACOSX/benchmark_dataset/things_headphone2/._7.png,datasets/partial/Concept/headphone/headphone_0008.png
Concept,headphone,things_headphone2,__MACOSX/benchmark_dataset/things_headphone2/._8.png,datasets/partial/Concept/headphone/headphone_0009.png
Concept,headphone,things_headphone2,benchmark_dataset/things_headphone2/0.png,datasets/partial/Concept/headphone/headphone_0010.jpg
Concept,headphone,things_headphone2,benchmark_dataset/things_headphone2/1.png,datasets/partial/Concept/headphone/headphone_0011.jpg
Concept,headphone,things_headphone2,benchmark_dataset/things_headphone2/2.png,datasets/partial/Concept/headphone/headphone_0012.jpg
Concept,headphone,things_headphone2,benchmark_dataset/things_headphone2/3.png,datasets/partial/Concept/headphone/headphone_0013.jpg
Concept,headphone,things_headphone2,benchmark_dataset/things_headphone2/4.png,datasets/partial/Concept/headphone/headphone_0014.jpg
Concept,headphone,things_headphone2,benchmark_dataset/things_headphone2/5.png,datasets/partial/Concept/headphone/headphone_0015.jpg
Concept,headphone,things_headphone2,benchmark_dataset/things_headphone2/6.png,datasets/partial/Concept/headphone/headphone_0016.jpg
Concept,headphone,things_headphone2,benchmark_dataset/things_headphone2/7.png,datasets/partial/Concept/headphone/headphone_0017.jpg
Concept,headphone,things_headphone2,benchmark_dataset/things_headphone2/8.png,datasets/partial/Concept/headphone/headphone_0018.jpg
Concept,headphone,things_headphone1,__MACOSX/benchmark_dataset/things_headphone1/._0.png,datasets/partial/Concept/headphone/headphone_0019.png
Concept,headphone,things_headphone1,__MACOSX/benchmark_dataset/things_headphone1/._1.png,datasets/partial/Concept/headphone/headphone_0020.png
Concept,headphone,things_headphone1,__MACOSX/benchmark_dataset/things_headphone1/._2.png,datasets/partial/Concept/headphone/headphone_0021.png
Concept,headphone,things_headphone1,__MACOSX/benchmark_dataset/things_headphone1/._3.png,datasets/partial/Concept/headphone/headphone_0022.png
Concept,headphone,things_headphone1,__MACOSX/benchmark_dataset/things_headphone1/._4.png,datasets/partial/Concept/headphone/headphone_0023.png
Concept,headphone,things_headphone1,__MACOSX/benchmark_dataset/things_headphone1/._5.png,datasets/partial/Concept/headphone/headphone_0024.png
Concept,headphone,things_headphone1,__MACOSX/benchmark_dataset/things_headphone1/._6.png,datasets/partial/Concept/headphone/headphone_0025.png
Concept,headphone,things_headphone1,benchmark_dataset/things_headphone1/0.png,datasets/partial/Concept/headphone/headphone_0026.jpg
Concept,headphone,things_headphone1,benchmark_dataset/things_headphone1/1.png,datasets/partial/Concept/headphone/headphone_0027.jpg
Concept,headphone,things_headphone1,benchmark_dataset/things_headphone1/2.png,datasets/partial/Concept/headphone/headphone_0028.jpg
Concept,headphone,things_headphone1,benchmark_dataset/things_headphone1/3.png,datasets/partial/Concept/headphone/headphone_0029.jpg
Concept,headphone,things_headphone1,benchmark_dataset/things_headphone1/4.png,datasets/partial/Concept/headphone/headphone_0030.jpg
Concept,flower,flower_1,__MACOSX/benchmark_dataset/flower_1/._0.jpg,datasets/partial/Concept/flower/flower_0001.jpg
Concept,flower,flower_1,__MACOSX/benchmark_dataset/flower_1/._1.jpg,datasets/partial/Concept/flower/flower_0002.jpg
Concept,flower,flower_1,__MACOSX/benchmark_dataset/flower_1/._2.jpg,datasets/partial/Concept/flower/flower_0003.jpg
Concept,flower,flower_1,__MACOSX/benchmark_dataset/flower_1/._3.jpg,datasets/partial/Concept/flower/flower_0004.jpg
Concept,flower,flower_1,__MACOSX/benchmark_dataset/flower_1/._4.jpg,datasets/partial/Concept/flower/flower_0005.jpg
Concept,flower,flower_1,__MACOSX/benchmark_dataset/flower_1/._5.jpg,datasets/partial/Concept/flower/flower_0006.jpg
Concept,flower,flower_1,__MACOSX/benchmark_dataset/flower_1/._6.jpg,datasets/partial/Concept/flower/flower_0007.jpg
Concept,flower,flower_1,__MACOSX/benchmark_dataset/flower_1/._7.jpg,datasets/partial/Concept/flower/flower_0008.jpg
Concept,flower,flower_1,benchmark_dataset/flower_1/0.jpg,datasets/partial/Concept/flower/flower_0009.jpg
Concept,flower,flower_1,benchmark_dataset/flower_1/1.jpg,datasets/partial/Concept/flower/flower_0010.jpg
Concept,flower,flower_1,benchmark_dataset/flower_1/2.jpg,datasets/partial/Concept/flower/flower_0011.jpg
Concept,flower,flower_1,benchmark_dataset/flower_1/3.jpg,datasets/partial/Concept/flower/flower_0012.jpg
Concept,flower,flower_1,benchmark_dataset/flower_1/4.jpg,datasets/partial/Concept/flower/flower_0013.jpg
Concept,flower,flower_1,benchmark_dataset/flower_1/5.jpg,datasets/partial/Concept/flower/flower_0014.jpg
Concept,flower,flower_1,benchmark_dataset/flower_1/6.jpg,datasets/partial/Concept/flower/flower_0015.jpg
Concept,flower,flower_1,benchmark_dataset/flower_1/7.jpg,datasets/partial/Concept/flower/flower_0016.jpg
Concept,flower,flower_2,__MACOSX/benchmark_dataset/flower_2/._0.jpg,datasets/partial/Concept/flower/flower_0017.jpg
Concept,flower,flower_2,__MACOSX/benchmark_dataset/flower_2/._1.jpg,datasets/partial/Concept/flower/flower_0018.jpg
Concept,flower,flower_2,__MACOSX/benchmark_dataset/flower_2/._2.jpg,datasets/partial/Concept/flower/flower_0019.jpg
Concept,flower,flower_2,__MACOSX/benchmark_dataset/flower_2/._3.jpg,datasets/partial/Concept/flower/flower_0020.jpg
Concept,flower,flower_2,__MACOSX/benchmark_dataset/flower_2/._4.JPG,datasets/partial/Concept/flower/flower_0021.jpg
Concept,flower,flower_2,__MACOSX/benchmark_dataset/flower_2/._5.jpg,datasets/partial/Concept/flower/flower_0022.jpg
Concept,flower,flower_2,__MACOSX/benchmark_dataset/flower_2/._6.jpg,datasets/partial/Concept/flower/flower_0023.jpg
Concept,flower,flower_2,benchmark_dataset/flower_2/0.jpg,datasets/partial/Concept/flower/flower_0024.jpg
Concept,flower,flower_2,benchmark_dataset/flower_2/1.jpg,datasets/partial/Concept/flower/flower_0025.jpg
Concept,flower,flower_2,benchmark_dataset/flower_2/2.jpg,datasets/partial/Concept/flower/flower_0026.jpg
Concept,flower,flower_2,benchmark_dataset/flower_2/3.jpg,datasets/partial/Concept/flower/flower_0027.jpg
Concept,flower,flower_2,benchmark_dataset/flower_2/4.JPG,datasets/partial/Concept/flower/flower_0028.jpg
Concept,flower,flower_2,benchmark_dataset/flower_2/5.jpg,datasets/partial/Concept/flower/flower_0029.jpg
Concept,flower,flower_2,benchmark_dataset/flower_2/6.jpg,datasets/partial/Concept/flower/flower_0030.jpg
